0,1
我哋試吓吖！,我們試試看！
我要去瞓覺喇。,我該去睡覺了。
聖誕節快樂！,聖誕節快樂！
佢係咪喺呢度住㗎？,他住在這裏嗎？
我愛你。,我愛你。
我同阿爸阿媽一齊住。,我跟父母住在一起.
呢本書對你嚟講可能難咗啲。,這本書對你來說讀起來太難了。
幾時開始㗎？,什麼時候開始？
下個禮拜我去溫哥華探我個細妹。,下週我去溫哥華看我妹妹。
佢係哈佛大學嘅生物學教授。,他是哈佛大學的生物學教授。
佢有好多講歷史嘅書。,他有很多歷史書籍。
呢個箱係吉嘅，入面咩都冇。,這箱子是空的，裏面什麼也沒有。
架消防車都未到，間屋就已經燒到渣都冇得剩喇。,消防車到達之前，房子就全燒了。
火燭呀！快啲走呀！,着火了！快跑啊！
我喺度搵緊啲講古羅馬歷史嘅書。,我在找關於古羅馬歷史的書。
後生仔應該尊重啲老人家。,年輕人應該尊敬老人。
呢間房裏面有部電視機。,這個房間裏有個電視機。
冇人知部機係點嘅樣嘅。,沒人知道那機器長什麼樣子。
你尋晚做咩瞓唔著呀？,爲什麼你昨晚睡不着？
我細妹嫁咗俾一個醫生。,我妹妹嫁給了一個醫生。
我而家返緊工，遲啲打俾你啦。,我現在在上班，所以晚點打給你。
佢走咗去美國讀醫。,他去美國學醫了。
佢屋企喺邊？,他的家在哪兒?
你鍾唔鍾意音樂㗎？,你喜歡音樂嗎？
龍床不如狗竇。,金窩銀窩不如自己的狗窩。
尋日我去咗河邊釣魚。,昨天我去河邊釣魚了。
個男仔唔認佢偷咗架單車。,那個男孩否認偷了自行車。
佢已經同以前唔同咗喇。,他不再是以前的那個他了。
禮拜四晚啤酒免費任飲。,週四晚上啤酒免費暢飲。
水結咗冰就會變做固體。,水結冰後成爲固體。
我諗都冇諗過會噉。,我從來就沒想到。
我哋走咗去公園影相。,我們去公園拍照了。
好主意!,真是個好主意！
將副啤牌擺上張橡木枱度。,把撲克牌放在橡木桌上。
張枱上面有粒橙。,桌上有一隻橙子。
佢架單車係藍色嘅。,他的自行車是藍色的。
我想喊。,我想哭。
我覺得好似喺度發緊夢噉。,我感覺就像做夢一樣。
我好耐無見過佢喇。,我很久沒見過他了。
我鍾意嗰個男仔唔鍾意我。,我愛的那個男孩不愛我。
佢聽日嚟唔嚟到呀？,他明天能來嗎？
我想問吓你叫咩名同埋喺邊度住㗎？,我能問一下您的姓名和住址嗎？
我哋應該做到最好。,我們應該做到最好。
尋日，我收到一封用英文寫嘅信。,昨天，我收到一封用英語寫的信。
我都好鍾意嗰個歌手把聲。,我也喜歡那個歌手的聲音。
我而家喺牛津大學讀書。,我是牛津大學的學生。
倫敦有好多好靚嘅公園。,倫敦有很多漂亮的公園。
佢好易攰。,他很容易覺得累。
有人攞錯咗我對鞋嚟著。,有人穿錯了我的鞋。
Nancy驚狗。,Nancy怕狗。
你想唔想露隻耳仔出嚟呀？,你想把耳朵露出來嗎？
嗰間舖頭有好多人幫襯。,那家店有很多客人。
呢個價包唔包埋湯同沙律㗎？,這個價錢包括湯和沙拉了嗎？
喺個天度望落嚟，呢條河好似一條巨蛇。,從天上看下來，這條河像一條巨蛇。
今日有啲凍。,今天有點冷。
我喺屋企。,我在家。
因為一分鐘就差唔多要四鎊。,因爲僅一分鐘就要差不多花費4鎊。
佢塊面圓碌碌。,她有張圓臉。
呢幅畫遠睇會靚啲。,這幅畫遠看更好。
佢用條繩將個包裹綁到實一實。,她用繩子把包裹緊緊綁好了。
佢急急腳噉走咗。,他匆忙地走了。
佢差唔多有六呎高。,他差不多有六呎高。
呢個引擎最食油。,這個引擎耗用最多的油。
唔好唔記得我哋呀！,別忘了我們！
佢喺個演講比賽度攞咗冠軍。,她在演講比賽中取得了第一名。
等我哋停低諗一諗，原子能對我哋係有幾咁重要。,就讓我們停下來想一想，原子能對我們是多麼的重要。
我唔係特登㗎。,我不是故意的。
呢張相係咪最近影㗎？,這張照片是最近拍的嗎？
佢好似好寂寞噉。,她看起來很孤單。
我哋用咗萬二蚊嚟買呢架車。,我們花一萬二千元買了這輛車。
佢整唔見咗條車匙。,她把車鑰匙弄丟了。
我唔明。,我不明白。
你識唔識講英文？,你會說英語嗎？
我諗佢係聰明人嚟嘅。,我相信他是個聰明人。
你行得咁快，我跟唔到呀。,你走得這麼快，我跟不上呀。
你做咩喊呀？,你爲什麼哭？
佢阿哥大我兩歲。,他的哥哥比我大兩歲。
佢唔使咁心急。,她沒必要那麼急。
佢唔識分左右。,他分不清左右。
我仲以為佢會嚟開會添。,我還以為他會來開會。
佢過馬路嗰陣爭啲俾車撞。,他過馬路時差點被車撞。
幾時出發最方便你？,甚麼時候出發最方便你？
我永遠都唔會忘記你。,我永遠不會忘記你。
我諗我最好都係留喺呢度。,我想我最好留在這裏。
食多啲菜啦。,多喫點蔬菜。
我哋一粒聲都唔出噉坐咗喺度。,我們一言不發地坐著。
天主教係信耶穌嘅。,天主教徒信奉耶穌基督。
你知唔知呢個字點解呀？,您知道這個詞的意思嗎？
個會淨係得六個人去咗。,只有六人出席了會議。
呢個符號啫係話個答案啱咗。,這個符號代表答案正確。
廁所喺邊呀？,洗手間在哪裏？
我哋係兩公婆。,我們是夫婦。
我聽到佢把聲先至認得佢。,我聽到他的聲音以後才把他認出來了。
呢排啲女仔好興著牛仔褲。,現在女生穿牛仔褲很流行。
佢搶走晒我阿妹啲玩具。,他把我妹妹的玩具都搶走了。
我明你點解唔想去喇。,我明白你為甚麼不想去了。
唔好意思，我蕩失咗路。,不好意思，我迷路了。
你叫咩名呀？,你叫什麼名字？
今日我去咗睇牙醫。,今天我去看了牙醫。
你可唔可以講慢少少呀？,你可以說慢一點嗎？
你覺得有幾多人真係識欣賞音樂？,你覺得有多少人懂得欣賞音樂？
佢用十二秒就跑完一百米。,他可以用12秒跑100米。
我有一個阿哥同埋一個細妹。,我有一個哥哥和一個妹妹。
你話咩話？死咗？,你說什麼？死了？
去完廁所請洗手。,便後請洗手。
請問你喺邊到做嘢㗎？,請問你在哪裏工作？
油同水撈唔埋。,油和水不能混合。
受到佢哋嘅熱烈歡迎。,受到了他們的熱情歡迎。
你嚟咗上海幾耐喇？,你來上海多少時間了？
佢個阿哥上個月過咗身。,他的哥哥上個月去世了。
我行唔郁喇。,我走不動了。
仲喺度落緊雨呀？,還在下雨嗎？
呢個字有兩個意思。,這個字有兩個意思。
阿 John 淨係返咗一日學，就已經同班同學玩到熟晒。,約翰只上了一天的學，就和班上的同學都成了朋友。
學吓你家姐啦。,學學你姐姐。
你將個數字記熟咗未？,你把數字記熟了嗎？
熊貓係食竹嘅。,熊貓以竹為食。
佢哋一啲興趣都冇。,他們完全沒有興趣。
有好多女仔睇呢本小說睇到喊咗出嚟。,這本小說使無數女孩流下了眼淚。
唔好意思，失陪一陣。,不好意思，我失陪一下。
我好後悔去咗嗰度。,我後悔去過那裏。
攞你本字典出嚟查吓呢啲字啦。,用你的詞典查查這些生字吧。
我換咗窗簾之後，成間房睇落唔同晒。,我換了窗簾後，房間看起來不同了。
大家都準備好喇。,大家都準備好了。
我個新髮型會唔會好怪？,我的新髮型是不是很奇怪？
我突然間唔記得咗佢叫咩名。,我突然想不起她的名字。
佢俾人罰咗一萬円。,他被罰了1萬日元。
我遲啲再打俾你吖。,我遲點再打給你。
個男仔喺森林裏面蕩失咗路。,小男孩在森林中迷路了。
佢俾咗張佢呀媽學生時代嘅相我睇。,她給我看了一張她母親學生時代的照片。
你都唔揸車，要架車嚟做咩啫？,你根本不開車，有車又有甚麼用？
佢到咗嗰陣我會話你知。,她來到的時候我會通知你。
你最近忙唔忙呀？,你最近忙不忙？
你至少都講聲“多謝”啊。,你至少該說聲”謝謝“吧。
佢啲英文好過我。,他的英文比我好。
哈佬。,你好。
女人通常長命過男人。,女性通常比男性長壽。
你對鞋喺呢度。,你的鞋在這兒。
你仲有乜野要我幫忙吤？,你還有什麼要我幫忙嗎？
多謝。,謝謝你。
你識講上海話喎可？,你會說上海話嗎？
佢朝頭早七點起咗身。,她早上7點起牀。
唔好意思呀，我想問吓呢條路去唔去到地鐵站㗎？,不好意思，請問這條路通往地鐵站嗎？
佢話佢好鍾意花。,她說她很喜歡花。
我有好多朋友。,我有很多朋友。
你決定咗放假去邊度玩未？,你想好放假去哪裏玩了沒有？
呢個乜野嚟㗎。,這是什麼東西？
如果你想去美國讀書，就一定要申請張學生簽證先。,你想去美國讀書的話，一定要先申請一張學生簽證。
"多謝晒 ""唔使""","謝謝。 ""不用謝。"""
一、二、三、四、五、六、七、八、九、十。,一、二、三、四、五、六、七、八、九、十。
食咗飯未呀？,喫過了沒？
我有好多朋友。,我有好多朋友。
企喺窗口嗰個係咪你哋經理嚟㗎？,站在窗口的那個人是你們經理嗎？
天氣每日都喺度變緊。,天氣每天都在變。
呢啲資料未必可靠。,這些資料未必可靠。
嗰條裙睇落好似好貴噉。,那條裙子看起來很昂貴。
你應該同你阿爸阿媽傾吓先。,你應該先和你的父母談談。
我個肚喺度咕咕叫。,我的肚子在咕咕叫。
可唔可以舉幾個例子呀？,可以舉幾個例子嗎？
個責任應該由你嚟孭。,責任應該由你來負。
我真係唔知笑好定喊好。,我真是哭笑不得了。
阿 Tom 返咗鄉下。,湯姆回鄉下了。
唔好意思，你可唔可以講多次呀？,不好意思，你可以再說一次嗎？
佢哋好快就拉埋天窗喇。,他們很快就會結婚了。
呢啲古老嘅習俗都係一代一代噉傳落嚟嘅。,這些古老習俗都是一代一代相傳下來的。
唔好意思，我要走喇。,不好意思，我要走了。
我要去沖個涼。,我需要洗個澡。
佢唔係美國人。,他不是美國人。
我已經決定咗喇。,我已經決定好了。
我大咗肚四個月啦。,我懷孕四個月了。
你有無鉛筆喺度?,你身上有鉛筆嗎？
宇宙裏面係無空氣嘅。,宇宙裏是沒有空氣的。
我餓到成隻馬都食得落。,我餓得能喫下一匹馬。
我寫咗呢本書。,我寫了這本書。
你星期二得唔得閒呀？,你星期二有空嗎？
我唔會好似佢噉，喺你需要嗰陣離開你。,我不會像他那樣，在你需要的時候離開你。
加拿大大過日本。,加拿大比日本大。
希望你阿爸阿媽會俾我哋結婚啦。,希望你父母會讓我們結婚吧。
你係做錯咗，但係都唔可以怪你嘅。,你固然是錯了，但也不能怪你。
發展經濟重要啲吖，定係保護環境重要啲呀？,發展經濟和保護環境哪一個更重要?
我唔想再聽你喺度嫌三嫌四喇。,我不想再聽你抱怨了。
快啲啦，唔喺就miss咗班車嘞。,快一點，不然我們要錯過火車了。
佢同老婆嗌交冇問題，但係郁手打老婆就唔應該喇。,他和老婆吵架沒問題，但是動手打老婆就不應該了。
我好攰。,我很累。
多謝晒！,多謝！
「你鍾唔鍾意蛇㗎？」「梗係唔鍾意啦。」,“你喜歡蛇嗎？”“當然不喜歡。”
我好鍾意你。,我很愛你。
用英文寫情信好難寫得好。,用英文寫情信不容易寫得好。
我一返到屋企就打電話俾你吖。,我一回到家就打電話給你。
我哋噉對佢，好似唔係幾好。,我們這樣待他，好像不是太好。
你幾時返嚟呀？,你甚麼時候回來？
我買咗兩枝牛奶。,我買了兩瓶牛奶。
十二月係一年嘅最後一個月。,十二月是一年的最後一個月。
我已經三日無瞓過喇，真係攰到死呀！,我已經三天沒睡覺了，真是睏死了！
對我嚟講無咩分別。,對我來說沒甚麼分別。
呢本字典雖然好貴，但係都係值得買嘅。,這本字典雖然很貴，但還是值得買的。
聽講話你病咗喎。,聽說你病了。
如果你行路唔帶眼，一陣間你就會跌落水㗎喇。,如果你走路不看路，等一下你就會掉到水裡面。
啲風聲有啲恐怖，聽落好似鬼叫噉。,風聲有點恐怖，聽起來好像鬼叫一般。
我好鍾意食西瓜。,我很喜歡喫西瓜。
我嗰個年代啲學生好多都唔讀書，但係考試就唔會唔合格。,我那個年代的學生大多不讀書，但考試卻不會不合格。
我哋成日將人生比做一場旅程。,我們常常把人生比作一場旅程。
「&」呢個符號係「同埋」噉解。,「&」這個符號是「和」的意思。
愛迪生發明咗電燈膽。,愛迪生發明瞭電燈炮。
我哋學校有十班。,我們學校有十班。
喺呢度行到去車站要幾耐㗎？,從這裏步行到車站要多少時間？
中國大過日本好多。,中國比日本大得多。
嗰幅畫係印象派嘅大師級作品。,那幅畫是印象派的大師級作品。
唔該你叉咗啲俾咗錢嘅人嘅名吖。,麻煩你把付了錢的人的名字刪掉。
你可唔可以晏啲再打電話嚟呀？,你可以晚點再打電話來嗎？
仲有兩個禮拜就到聖誕節喇。,還有兩個星期就到聖誕節了。
他都成廿歲人喇，但係都仲係唔夠膽同女仔傾計。,他20歲了，但他還是怕和女生聊天。
大家都想坐喺佢隔籬。,大家都想坐在她旁邊。
佢由朝做到晚。,他從早上工作到夜晚。
啲屋狗竇咁亂我都頂得順，但係污糟嘅話我就接受唔到。,房子亂七八糟也沒問題，但是骯髒的話我接受不了。
佢唔識游水。,他不會游泳。
佢一開始讀嗰封信就喊咗出嚟。,她一開始讀那封信就哭了起來。
我唔鍾意飲咖啡。,我不喜歡喝咖啡。
我唔鍾意食煙，因為食煙對身體唔好。,我不喜歡吸煙，因為吸煙對身體不好。
我都係咁話。,我也這麼認爲。
啲白蘿蔔可能貴過啲紅蘿蔔。,白蘿蔔可能比紅蘿蔔貴。
佢好少寫信俾佢老豆。,他很少寫信給他父親。
唔好擺到你啲嘢周圍都係。,不要把你的東西四處亂放。
坐喺角落頭嗰個男人係邊個嚟㗎？,坐在角落的那個男人是誰？
葡萄酒嘅味道好受天氣影響。,葡萄酒的味道很受天氣影響。
好熱呀，我就嚟頂唔順喇。,好熱啊，我快受不了啦。
過咗差唔多十年，你都仲係同以前一樣咁靚。,過了差不多十年，你還是和以前一樣漂亮。
你一定要諗清楚你想做啲點嘅工。,你一定要考慮清楚你想做怎麼樣的工作。
你一般幾點放工？,你一般幾點下班？
你一般幾點收工？,你一般幾點下班？
你而家喺度做緊啲咩呀？,你現在在做什麼？
尋日我打電話嚟嗰陣，你喺度做緊啲咩呀？,昨天我打電話來的時候，你在幹什麼？
佢哋朝頭早嚟坐咗一陣，話晏晝就會離開上海喎。,他們上午來坐了一下，說下午就要離開上海。
你要乾洗定喺濕洗？,你要乾洗還是溼洗？
啲薯仔好平㗎。,土豆很便宜的。
就停架車喺呢度啦。,就在這兒停車吧。
你食唔食煙㗎？,你吸菸嗎？
我要寄啲錢俾我阿媽，可唔可以俾張寄款單我呀？,我要寄錢給我母親，給我一張寄款單好嗎？
大眾出租汽車公司個電話號碼幾多號呀？,大衆出租汽車公司的電話號碼是什麼？
今日幾忙都好，都要做埋呢啲嘢先走。,今天即使再忙，也要做完這些事情才走。
你點解要嚟我哋公司度見工？,你爲什麼要到我們公司來應聘？
你想去野生動物園就搭五號巴士啦。,你想去野生動物園就乘五號巴士吧。
嘩！咁抵？！,哇！真便宜啊！
我真係好想睇吓古代嘅世界係點嘅樣。,我真想看看古代的世界是怎樣的。
我哋喺地下掘咗個窿。,我們在地上掘了一個洞。
唔怪得佢咁嬲啦。,難怪他這麼生氣。
你有冇鉛筆呀？,你有鉛筆嗎？
好似就落雨囉噃。我哋閂埋啲窗啦。,好像快要下雨了。我們把窗關上吧。
嗰個男仔連自己個名都唔識寫。,那男孩連自己的名字也不會寫。
呢條裙都幾靚喎，可唔可以試著㗎？,這條裙子挺漂亮的，可以試穿嗎？
佢靜雞雞噉行出咗間房，冇人發現到佢。,他靜悄悄地走出了房間，誰也沒有發現。
我用一個字就計好咗條數。,我用五分鐘就算好了那道題。
跟住又有三個人上咗架巴士。,接著又有三個人上了巴士。
唔好意思呀，呢本書賣晒㗎喇。,不好意思，這本書已經賣完了。
你食唔食肉㗎？,您喫不喫肉？
呢間房唔俾食煙㗎。,這房間是禁止吸煙的。
我一行路，呢度就痛到好犀利。,我一走路，這裏就很痛。
佢除咗識彈琴，仲識彈結他添。,她除了懂得彈鋼琴，還懂得彈吉他。
佢識唔識彈琴㗎？,她會彈鋼琴嗎？
佢識唔識彈鋼琴㗎？,她會彈鋼琴嗎？
我諗佢要用兩粒鐘先至做得晒啲嘢。,我想他得花兩個小時才能把工作做完。
個花樽喺張枱度留低咗啲水跡。,花瓶在桌上留下了水跡。
佢企咗起身。,他站了起來。
下個禮拜一開學。,下週一開學。
你點睇而家啲後生仔呀？,你對於現在的年輕人有什麼看法？
我想同你傾吓個價。,我想和你談談價錢。
喺嗰度游緊水嗰個男仔係邊個嚟㗎？,在那邊游泳的男孩是誰？
而家已經十一點喇。我一定要走喇。,現在已經十一時了。我一定要走了。
雖然我失敗咗，但係我會試多一次嘅。,雖然我失敗了，但我會再試一次的。
呢朵係成個花園最靚嘅花。,這朵是整個花園最漂亮的花。
阿爸返到屋企嗰陣，我喺度睇緊電視。,爸爸回到家的時候，我正在看電視。
阿 Mary 唔知同佢講啲咩先好。,瑪莉不知道該和他說甚麼纔好。
呢間屋係我嘅。,這個房子是我的。
冇事，唔使驚!,沒事的，別害怕！
而家幾點鐘呀？,現在幾點鐘？
今日天氣幾凍㗎。,今天天氣挺冷的。
我哋聽日唔使返學。,我們明天不用上學。
我整壞咗亞當隻手錶，激到佢紮紮跳。,我把亞當的手錶弄壞了，氣得他七竅生煙。
你幾時先準備好出發呀？,你什麼時候纔會準備好出發？
你鍾唔鍾意我㗎？,你愛我嗎？
你譯呢本書譯咗幾耐呀？,你翻譯這本書用了多少時間？
我要同你講拜拜喇。,我要和你說再見了。
我唔俾你用我支鋼筆。,我不允許你用我的鋼筆。
我係唔講對唔住呀，你吹得我漲咩？,我就是不道歉，你奈我何？
佢冒住俾人拉同埋坐監嘅危險。,他冒着被逮捕和監禁的危險。
你知唔知佢識講英文㗎？,你知道她會說英語嗎？
你蕩失咗路呀？,你迷路了嗎？
佢唔似佢阿哥咁醒目。,他不像他的兄長那樣聰明。
佢有三個家姐。,他有三個姐姐。
你唔應該講大話。,你不該撒謊。
你唔應該講大話。,你不該說謊話。
唔好意思，我阿爸唔喺屋企。,不好意思，我爸爸不在家。
我喺呢度住咗卅年喇。,我在這裏住了三十年了。
佢哋用番梘洗手。,他們用肥皂洗手。
我想食啲嘢。,我想喫點東西。
個細路捉住咗隻貓條尾。,孩子抓住了貓的尾巴。
俾張白紙我吖。,給我一張白紙。
我哋可以繼續玩，唔好嘈到人就得喇。,我們可以繼續玩，別吵到別人就行了。
你應該去睇牙醫，掹咗隻牙佢。,你應該去看牙醫，把牙拔掉。
你點呀？,你好嗎？
你好嗎？,你好嗎？
我頂唔順呀！,我再也受不了了！
你高過我。,你比我高。
星期日係一個禮拜裏面嘅最後一日。,週日是一週的最後一天。
你點解唔信我呀？,你爲什麼不相信我？
你同我講緊嘢呀？,你在跟我說話嗎？
嗰本簿係邊個㗎？,那本筆記本是誰的？
佢好少寫信俾佢阿爸阿媽。,他很少寫信給他的父母。
你信又好，唔信又好，對我嚟講無咩分別。,你相信也好，不相信也好，對我來說沒有甚麼分別。
唔好唔記得聽日六點嚟搵我喎。,不要忘記明天6點來找我。
我哋個花園生滿晒雜草。,我們的花園佈滿了雜草。
條青瓜咁長嘅！,那條黃瓜多長啊！
我唔識分青蛙同埋癩蛤蟆。,我無法區分青蛙和蟾蜍。
我好攰。,我累了。
我送你返屋企啦。,我送你回家吧。
你睇吓你，食到成個口都係喇。,你看你，喫得滿嘴都是了。
佢晏咗起身。,她晚了起牀。
施比受更為有福。,施比受更有福。
你識唔識講意大利文㗎？,你會說義大利語嗎？
我本書點解會喺啲度嘅？,我的書爲什麼會在這裏？
我沖緊涼。,我正在洗澡。
你鍾意邊個牌子多啲?,你比較喜歡哪個牌子？
我係潮州人。,我是潮州人。
我鍾意睇電影。,我喜歡看電影。
我可唔可以睇一睇你張飛呀？,我能看一下您的票嗎？
係咪所有雀仔都識飛㗎？,所有鳥都會飛嗎？
我次次聽呢首歌都會聽到喊。,我每次聽這首歌都會聽到哭。
估下今日我撞到邊個！,猜猜看我今天遇見了誰。
我醒唔起我擺咗條鎖匙喺邊度。,我不記得我把鑰匙放在哪兒了。
你係咪諗住學英文呀？,你要學英語嗎?
佢應承咗阿媽話一定會喺九點之前返到屋企。,他答應媽媽一定會在九點前回到家。
佢發現咗個秘密。,他發現了這個祕密。
你後日得唔得閒呀？,你後天有空嗎？
我冇飛。,我沒有票。
唔晒唔該。,不客氣。
我哋係男人。,我們是男人。
佢而家開緊會。,他正在開會。
佢唔鍾意食魚。,他不喜歡喫魚。
佢唔識游水。,他不會游泳。
對唔住，啱啱嘅說話我收返。,對不起。我收回我的話。
我學嘢。,我學習。
佢喺海邊有間屋。,她在海邊有所房子。
你本書喺呢度。,你的書在這裏。
我將佢本字典還咗返俾佢。,我把她的字典還給她了。
我三日冇食嘢喇。,我三天沒喫東西了。
鈴木先生幾時離開日本呀？,鈴木先生何時離開日本?
佢就係我尋日見到嗰個人。,他就是我昨天看到的那個人。
你喺度諗緊啲咩呀？,你正在想什麼？
如果你得閒，我想請你飲杯咖啡。,"如果你有時間的話, 我想請你喝杯咖啡。"
泊咗喺嗰邊嗰架單車係我呀哥嘅。,那邊停著的那輛自行車是我哥哥的。
我哋買咗一磅茶。,我們買了一磅的茶。
噚日係我嘅生日。,昨天是我的生日。
飲少啲啤酒啦！,少喝點啤酒!
我倒瀉咗啲咖啡落張地毯度。,我把咖啡倒翻在地毯上了。
你咬我，我就咬返你。,如果你咬我，我就咬回來。
阿媽整咗啲芝士三文治俾我哋做午餐。,媽媽為我們做了乳酪三明治當午餐。
我阿爸每個禮拜都會俾啲零用錢我，我就會攞啲零用錢去買漫畫睇同埋買雪糕食。,我爸爸每週給我零用錢，我會用來買漫畫書和冰激凌。
你實係估都估唔到會喺啲噉嘅地方度撞到你個老師啦。,在那種地方碰到你的老師，你應該很驚訝吧。
死開！,走開！
彈開！,走開！
俾我睇吓。,讓我看看。
我想飲杯咖啡。,我想喝一杯咖啡。
有就有嘅，不過都幾遠吓個啵。,有是有的，不過遠了一點。
我聽日一定要記得去買嗰本書。,明天我一定要記得去買那一本書。
你做咩喊呀？,你為什麼哭？
阿Tom係個學生。,湯姆是個學生。
就嚟六點喇。,快要六點了。
佢問咗我一條問題。,他問了我一個問題。
唔該借你本書俾我吖。,請​​借我你的書。
我有一條好戇居嘅問題。,我有一個愚蠢的問題。
我會同你一齊去。,我會和你一起去。
生得靚仔有撚用咩！買嘢又唔可以用塊面嚟碌卡。,長的好看有個屁用呀? 買東西能用臉刷卡嗎?
嗰座橋好靚。,那座橋很漂亮。
中國有日本二十倍咁大。,中國是日本的20倍大。
出去之前記住熄晒啲燈佢喎。,出去之前確認一下所有的燈都關了。
佢唔認打爛咗度窗。,他否認打破了窗口。
我可唔可以借你架單車嚟用吓呀？,我能借一下您的自行車嗎？
你今朝覺得點?,你今天早上感覺如何？
佢介紹咗我俾佢細佬識。,她把我介紹給她的弟弟認識。
聽講佢愛上咗佢。,據說她愛他。
屌你老母。,操你媽。
可唔可以俾多支啤酒我呀？,再給我一瓶啤酒好嗎？
佢阿哥坐巴士返學。,他哥哥搭公車去學校。
佢嘅英文好過我。,她的英文比我好。
佢嘅母語係法文。,她的母語是法語。
京都冇大阪咁大。,京都不如大阪大。
你鍾唔鍾意落雨㗎？,你喜歡下雨嗎？
你可唔可以車我去醫院呀？,你可以載我去醫院嗎?
個董事長喺公司有少少地位，就以為自己好巴閉。,那個董事長在公司有少許地位就以爲自己很厲害。
佢鍾意淺色啲嘅綠色。,他喜歡比較淺的綠色。
呢個唔貴。,這個不貴。
你可以等啲雪停咗先走。,你可以等到雪停了再走。
我分唔清佢同佢個細佬。,我分不清他和他的弟弟。
你買咗本點樣樣嘅書呀？,你買了本什麼樣的書？
嗰Concert嘛嘛哋。,音樂會不怎麼樣。
今日好凍。,今天很冷。
唔好喊啦。我愛你呀。,不要哭。我愛你。
佢睇緊書。,他在看書。
佢食緊飯。,他在喫飯。
你而家可以入去喇。,現在你可以進去了。
所以我咪叫你唔好一個人去囉。,所以我叫你不要一個人去咯。
唔該你叫我起身食早餐吖。,麻煩你叫我起牀喫早餐啦。
佢就係喺呢間屋度出世㗎喇。,他就是在這間屋子裏出生的。
阿雲比佢妹妹靚。,雲比她的妹妹漂亮。
小燕靚過以前。,小燕比以前漂亮。
你件恤衫粒鈕就嚟甩喇。,你襯衣的紐扣快掉了。
點解你琴晚冇打電話畀我嘅？,怎麼你昨晚沒有給我打電話？
今日好可能會落雨。,今天很可能會下雨。
佢學緊游水。,她在學游泳。
我唔係魔術師。,我不是魔法師。
佢成日都開夜車。,他老是開夜車。
唔好攞把刀嚟切蛋糕。,別用刀子來切蛋糕。
聽日之前一定要做晒啲嘢佢。,明日之前必須把工作做完.
你話佢幾多歲吖嗱？,你認爲她多大？
我尋晚寫咗一封信。,我昨晚寫了一封信。
你係唯一一個幫到我嘅人。,你是唯一一個能夠幫我的人。
佢係俄羅斯人。,她是俄羅斯人。
我有小小感動。,我有點兒感動。
我有啲感動。,我有點兒感動。
你識唔識拉小提琴㗎？,你會拉小提琴嗎？
我都想知!,我也想知道。
你做乜喵喵叫?,你為甚麼喵喵叫?
嗰座係塔嚟嘅。,那是一座塔。
「呢張櫈邊個㗎？」「我㗎。」,「這張椅子是誰的？」「是我的。」
我本書喺邊?,我的書在哪？
佢哋對天文學好有興趣。,他們對天文學十分感興趣。
車站就喺呢度附近。,車站就在這裏附近。
留啲雪糕俾我。,給我留點冰激凌。
搞咩呀你？,你到底怎麼了啊？
拜拜！,拜拜！
我係一隻狗。,我是一隻狗。
你同我落嚟！,你給我下來！
關我撚事咩。,關我鳥事啊。
乜撚嘢嚟㗎？,什麼鳥東西來的？
咦，押韻喎！,咦，押韻喔！
我鍾意呢隻狗。,我喜歡這隻狗。
睇吓！廚房到有一隻貓。,看看！廚房裏有一隻貓。
佢應該可以同我奶奶相處得來,她應該能跟我奶奶相處得來。
佢相信佢個仔仲在生。,她相信自己的兒子還活着。
你想唔想同我一齊食午餐？,你想和我一起喫午餐嗎？
佢老公宜家喺東京生活。,她丈夫現在在東京生活。
佢喺第一個幫佢嘅人。,他是第一個幫她的人。
今日我行咗十公里。,今天我走了10公里。
你識拉丁語？,您懂拉丁語？
生日快樂！,生日快樂！
好對唔住咁早打電話比你添。,對不起我那麼早打電話給你啊。
我寄咗呢封信比阿爺爺。,我把這封信寄給爺爺了。
佢提出咗個問題。,他提了個問題。
我搵緊眼鏡呀。,我在找我的眼鏡呀。
我而家做乜好呢？,我現在應該做什麼呢？
我三月廿二生日。,我三月二十二號生日。
我唔怕死。,我不怕死。
今日好熱呀。,今天很熱了。
呢隻係馬嚟㗎。,這只是馬。
我好擔心做唔做得好呢份新工呀。,我很擔心我作這份新工作就不會做得好。
嗰啲人做緊乜呀？,那些人在幹什麼？
每天最舒服嘅時光，就係攤喺床上面。,每天最舒服的時候就是躺在牀上面。
到咗未？,到了嗎？
尋晚行雷閃電。,昨晚打雷閃電。
洛杉磯係我想去嘅其中一個地方。,洛杉磯是我想去的其中一個地方。
唔好喺背後講人壞話。,不要在背後說人壞話。
揀好未呀?,選好沒有啊？
佢哋話我係老女人。,他們說我是老女人。
你抌晒啲錢落海都好過借錢俾佢啦。,你把錢扔到海里都比借給他強啦。
我部相機靚過你嗰部好多。,我的相機比你的好多了。
點解你唔早講呀？,你怎麼不早說啊？
呢把刀好利。,這把刀好鋒利。
如果我識飛就好喇！,如果我會飛就好啦！
啲飛一個禮拜都唔使就賣晒喇。,那些票一個禮拜不到就全賣完了。
嘩，真係唔講唔知喎。,哇，不說真是不知道啊！
攰死人喇！,累死我啦！
我以為呢度俾食煙嘅添。,我還以爲這裏可以吸菸呢。
你屋企定我屋企？,你家還是我家？
如果佢諗住公司會畀佢五日嘅有薪假期，咁佢就要失望喇。,如果他以爲公司會給他五天帶薪假期，那他就要失望了。
我冇同佢講真話，因為我驚佢會嬲。,我沒跟他說真話，因爲我怕他會生氣。
我淨係得一個心願。,我只有一個心願。
呢係一匹公馬定係母馬？,那是一匹公馬還是母馬？
「你幾點鐘起身㗎？」「我八點鐘起身。」,“你幾點鐘起的牀？” “我八點起的。”
咪大個呀，伏嚟㗎。,別長大， 是陷阱。
唔好驚！,別怕！
我聽唔到你喺度講咩。,我聽不到你在說甚麼。
我唔明。,我不懂。
佢條裙同埋對鞋啲色好襯。,她裙子和鞋子的顏色很配。
你返屋企嗰陣順便嚟探吓我吖。,你回家途中順道來看看我吧。
一提到愛因斯坦，我哋就會諗起相對論。,一提到愛因斯坦，我們就會想起相對論。
京都有好多神社。,京都有許多神社。
你有冇訂緊雜誌？,你有訂閱任何雜誌嗎？
留喺屋企好無聊。,呆在家裏很無聊。
我俾你決定啦。,我讓你來決定。
我好似做咗電燈膽喇，都係走先。,好像我成電燈泡了。我該走了。
將呢本書俾想要嘅人。,把這本書給想要的人。
我忘咗邊個話嚟㗎。,我忘記了這是誰說的。
佢講話有自己嘅風格。,她說話有自己的風格。
我唔食雞皮。,我喫不下雞皮。
Tom唔知道碳同埋煤嘅唔同。,Tom不知道碳和煤的差別。
你一定要理解，呢個問題有幾多大。,您應當理解，這個問題有多嚴重。
點解屋企出邊最近有咁多黃螞螞嘅？係咪喺附近有佢哋嘅竇喎？,為什麼家裡出邊最近有那麼多紅蟻的？是不是在附近有他們的竇喔？
Shh！唔好出聲……我哋依家搞緊窉窉，要搞嘅話快啲搵個地方匿埋一邊喇。,Shh！不要出聲……我們現在捉迷藏，要搞的話快點找一個地方躲藏一邊了。
嘩！前面開咗間新麵包鋪喎，新屎坑真係特別嘞賈嘅喎！,嘩！前面開了間新麵包鋪了，新茅坑真的特別了賈的！
佢哋冇放棄喇。,他們並沒有放棄。
我要去銀行嚹。,我要去銀行了。
你知唔知佢哋係邊個？,你知不知道他們是誰?
呢條規則唔係幾時都啱用㗎。,這條規則不是甚麼時候都適用的。
我都聽過個類似嘅故仔。,我也聽過一個類似的故事。
你想搵咩方面嘅工？,你想找哪個方面的工作？
他犯咗兩次相同嘅錯誤。,他犯了兩次相同的錯誤。
我姓王。,我姓王。
我已經三天沒睏覺了，瞌𥅻死脫了！,我已經三天沒睡覺了，真是睏死了！
活到老，學到老。,活到老，學到老。
印度尋日大地震。,印度昨天發生了一場大地震。
世界上有超過八十萬人講巴斯克文。,世界上有超過八十萬的巴斯克語使用者。
世界上有超過八十萬人講巴斯克文。,世界上有超過八十萬的人說巴斯克語。
日本大啲定英國大啲？,日本和英國哪個大？
佢想參加比賽。,他想參加比賽。
阿John大我兩歲。,John比我大兩歲。
塔夫斯大學係波士頓一間好出名嘅大學。,塔夫斯大學是波士頓一家十分有名的大學。
今日嘅朋友係聽日嘅敵人。,今日的朋友是明日的敵人。
我老豆唔飲酒唔食煙。,我爸爸既不喝酒也不抽菸。
佢哋喺辦公室度裝咗部自動販賣機。,他們在辦公室安裝了一臺自動販賣機。
大菌食細菌，細菌當補品。,不乾不淨，喫了沒病。
我好鍾意音樂，尤其係古典音樂。,我很喜歡音樂，尤其是古典音樂。
因為佢蕩失路。,因爲他迷路了。
一年四季，我最鍾意夏天，你呢？,一年四季，我最喜歡夏天，你呢？
王老吉唔係啤酒嚟㗎，係茶嚟㗎。,王老吉不是啤酒，是茶。
兩個答案都啱。,兩個答案都正確。
我愛上咗你。,我愛上了你。
如果你鍾意食海鮮嘅話，你就嚟啱地方喇！,如果你喜歡喫海鮮的話，你就來對地方了！
呢個係一句句子。,這是一個句子。
我覺得呢本書好有趣。,我覺得這本書很有意思。
我好中意佢，但系佢唔中意我。,我很愛她但是她不愛我。
当你中意既人唔中意你，点算？,當你愛的人不愛你怎麼辦？
你咩意思啊？,你是什麼意思？
你做紧咩阿？,你在幹嘛？
我冲完凉啦。,我洗完澡了。
你應該自己同老師講。,你應該自己跟老師說。
我阿爸阿媽成日為埋啲芝麻綠豆嘅嘢喺度嗌交，真係煩到死呀！,我父母整天都在為雞毛蒜皮的事情吵架，真是煩死人了！
個阿哥同個細佬一啲都唔似樣。,哥哥和弟弟的樣子一點也不像。
SFX 啫係咩呀？,SFX 是甚麼意思？
你舊年寫咗幾多張聖誕卡？,你去年寫了多少張聖誕卡？
佢連自己個名都唔識寫。,他連自己的名字也不會寫。
會議會喺東京舉行。,會議將在東京舉行。
你可唔可以幫手搵吓呀？,你可以幫忙找找嗎？
真㗎？佢係幾時走㗎？,真的嗎？他是甚麼時候走的？
我想講件怪事俾你聽。,我想告訴你一件怪事。
我屋企附近有一個好靚嘅公園。,我家附近有個漂亮的公園。
巴士站喺邊呀？,巴士站在哪裏？
我個銀包俾人偷咗。,我的錢包被偷了。
我俾人偷咗銀包。,我的錢包被偷了。
戰爭總係帶嚟不幸。,戰爭總是帶來不幸。
我哋可以回顧過去，但係唔可以改變過去；我哋可以改變未來，但係唔可以預知未來。,我們可以回顧過去，但不能改變過去；我們可以改變未來，但不能預知未來。
離呢到遠唔遠㗎？,離這兒遠嗎？
呢個公仔係咪你自己整㗎？,這個娃娃是你自己做的嗎？
我痾個尿，戴埋頸巾，就可以出發喇。,我小個便，帶好圍巾，就可以走了。
小心揸車呀。,請小心駕駛。
呢頂帽係咪你㗎？,這頂帽子是你的嗎？
離呢到遠唔遠㗎？,離這裏遠不遠？
你唔明。,你不明白。
你着短袖唔凍嘅咩？,你穿短袖衣不冷嗎？
我哋喺邊到集合呀？,我們在哪裏集合？
集合地點喺邊呀？,集合地點是哪兒？
佢喺到玩緊俄羅斯方塊。,他在玩俄羅斯方塊。
我真係頂唔順我班四廿幾歲嘅鄰居晚晚都喺到嘈喧巴閉。,我實在受不了我四十來歲的鄰居們每晚的高聲吵鬧。
我哋買咗兩本書。,我們買了兩本書。
慢慢嚟啦，唔急嘅。,慢慢來，不急。
唔該你去超級市場買啲生果返嚟吖。,請你去超市買些水果來。
嗰到曾經有一條橋。,那裡曾有一座橋。
佢唔鍾意食椰子味嘅嘢。,她不喜歡喫椰子味的東西。
你個三腳架喺我寫字樓到。,你的三腳架在我的辦公室裏。
我一路都喺到搵緊我個三腳架。,我一直在找我的三腳架。
點解我一路都學唔好英文嘅？,為什麼我一直學不好英語？
我唔係特登偷聽你哋講嘢㗎。,我不是故意偷聽你們說話的。
​我哋​嚟​自​世界​各​地，有​唔​同​嘅​文化​背景，講​唔​同​嘅​語言。但係，我哋​非常​團結，大家​都​有​同樣​嘅​目標。最​重要​嘅​係，我哋​都​渴望​榮耀​耶和華，耶和華​就係​聖經​所​講​嘅​上帝，佢​係​萬物​嘅​創造主。我哋​盡力​效法​耶穌基督，以​身​為​基督徒​為​榮。我哋​每​個​人​都​經常​付出​時間​幫助​其他人​認識​聖經​同​上帝​嘅​王國。由於​我哋​為​耶和華​上帝​同​佢​嘅​王國​作​見證，傳講​上帝​同​佢​王國​嘅​真理，所以​我哋​稱​為​耶和華見證人。,​我們​來​自​世界​各​地，有​不​同​的​文化​背景，説​不​同​的​語言。可是，我們​十分​團結，大家​都​有​同樣​的​目標。最​重要​的​是，我們​都​渴望​尊榮​耶和華，耶和華​就是​聖經​所​説​的​上帝，他​是​萬物​的​創造主。我們​盡力​效法​耶穌基督，以​身​為​基督徒​為​榮。我們​每​個​人​都​常常​花​時間​幫助​別人​認識​聖經​和​上帝​的​王國。由於​我們​為​耶和華​上帝​和​他​的​王國​作​見證，也​就是​向​別人​傳講​上帝​和​他​王國​的​真理，所以​我們​稱​為​耶和華見證人。
我哋應該照顧自己。,我們應該照顧自己。
你點去學校？,你怎麼去學校？
我哋要為個個買架車。,我們要爲每個人買一輛車。
你有無嘢想對我講呀？,您有什麼事想對我說嗎？
學生哋其中嘅一個今日冇嚟。,其中一個學生今天沒來。
講畀我聽你喺邊呀？,告訴我你在哪裡？
聽到呢單新聞我起晒雞皮，點解會有啲咁牙煙嘅嘢噶？,聽到這條新聞我直起雞皮疙瘩，怎麼會有這樣危險的事啊？
我哋兩個都咁高咁大喇。,我們兩個都差不多啦。
你唔通係牛皮燈籠？點極唔明㗎！,你難道是牛皮燈籠？老點不透的！
好大風。,風很大。
過咗幾耐啊？,過了多長時間？
尋日呢個鐘數你喺到做緊啲咩呀？,昨天這個時候你在做什麼？
佢有兩隻貓。,他有兩隻貓。
冇問題。,沒問題。
呢個公益協會收到咗第一筆捐款。,這個公益協會收到了第一筆捐款。
食得飯未呀？,可以喫飯了嗎？
咁你啫係嚟唔嚟嘅唧？,那你是來還是不來啊？
我唔會令你失望。,我不會讓你失望。
我爭啲唔記得咗。,我差點就忘記了。
她廿五歲嗰陣已經喺五個唔同嘅國家住過。,她二十五歲時已經在五個不同的國家住過。
我只能夠咁樣做。,我只能那樣做。
我有兩隻貓。,我有兩隻貓。
如果可以嘅話，我想環遊世界。,如果可能的話，我想環遊世界。
啫係話其他人只可以從你講嘅嘢嚟了解你同鍾意你。,這意味着其他人只能從聽你說的話來了解你和喜歡你。
我個女好鍾意跳繩。,我女兒喜歡跳繩。
黑色嗰個係我嘅。,黑色的那個是我的。
做得好！,做得好！
唔係淨返好多位咋，要報名就快喇。,尚餘少量名額，報名從速。
你走時，我哋都會掛住你嘅。,你走了，我們都會想你的。
一分鐘有六十秒。,一分鐘有六十秒。
我唔知。,我不知道。
嗰份工人工好高。,這份工作工資很高。
你喺學校學緊啲咩呀？,你在學校學些什麼呀？
阿Tom好鍾意一路聽歌一路做功課。,Tom很喜歡一邊聽歌一邊做作業。
請你篇文用英式英文。,請你這篇文章用英式英語。
我哋養咗兩隻狗，三隻貓同埋六隻雞。,我們養了兩隻狗、三隻貓和六隻雞。
日本人鐘意食吞拿魚。,日本人喜歡喫金槍魚。
學校會提供帳篷俾我哋。,學校會提供帳篷給我們。
我沖完涼之後飲咗啲汽水。,我洗完澡之後喝了點汽水。
我哋應該唔夠時間喺今日之內搞掂佢。,我們應該不夠時間在今天之內完成它。
佢喺張檯度。,他在那張桌子那裏。
你唔好去死？,你不如去死好了。
做人如果冇夢想，同條鹹魚有咩分別呀？,做人如果沒有夢想，那和鹹魚有什麼區別？
搞咩呀？,搞什麼啊？
蕾拉喺客房到瞓。,蕾拉在客房睡覺。
我哋㗎火車準時嚟到。,我們的火車準時來到。
聖誕節絕對係我最鍾意嘅節日。,聖誕節絕對是我最喜歡的節日。
我想再睇多次套戲。,我想再多看一齣戲。
唔知聽日天氣會點呢？,不知道明天天氣會怎麼樣呢？
我諗住買隻錶俾我個仔。,我想着買個手錶給我兒子。
唔好自己一個行返屋企。,不要自己一個人走回家。
佢唔係傻㗎。,他不是傻的。
佢冇講到關於佢嗰部分。,他沒說到關於他的那部分。
吓？,啊？
今日隔籬屋嗰個細路頭下腳上咁喺棵樹度跌咗落嚟。,今天隔壁家的小孩腳朝上地從樹上掉下來。
奇跡就係因為唔會發生，所以先叫做奇跡咖嘛！,奇蹟就是因爲不會發生，所以才叫奇蹟的嘛。
呢部琴應該都好多年冇調過音喇。,這臺琴應該好多年沒調過音了。
我哋逼咗入間細房度。,我們擠進了那間小房間裏。
係咪人嚟㗎，咁都做得出嘅？,還是不是人了，這都做得出來？
如非必要我都唔會搭的士。,如無必要我也不會打的。
佢係個好人。,他是個好人。
有隻雀仔痾咗篤屎落我阿姨架車到。,有隻小鳥拉了泡屎在我阿姨的車上。
個鐘每日都會快五分鐘。,那個鍾每天都快了五分鐘。
間房入面啲人我一個都唔認得。,房子裏面的人我一個也不認得。
六點之前好返屋企喇。,六點之前要回家。
我唔係想要老婆，我想搵個SP咋。,我不是想要老婆，我想找個炮友而已。
喺現今嘅社會，最難做到嘅嘢就係⋯⋯做返自己。,在現今的社會，最難做到的事情就是……做回自己。
「你幾時返嚟呀？」「睇吓天氣點先講啦。」,“你什麼時候回來呀？”“看一下天氣怎麼樣再說啦。”
我冇搵阿Tom幫手。,我沒有找Tom幫忙。
喺呢種情況之下，我地冇辦法成功。,在這種情況下，我們沒辦法成功。
我想介紹你俾佢識。,我想介紹你給他認識。
有錢人未必比窮人幸福。,有錢人未必比窮人幸福。
雞蛋係一打一打咁買嘅。,雞蛋是論打買的。
我絕對唔會將呢件事講俾人聽㗎。,我絕對不會將這件事告訴別人的。
我唔覺得佢自己一個人會做到。,我不覺得他自己一個人會做到。
Tom係我哥哥。,Tom是我哥哥。
你最好唔好講件事俾你阿爸聽。,你最好不要把這件事告訴你爸。
我冇車。,我沒有車。
架車撞咗埋牆。,那輛車撞到牆了。
你知唔知全世界每年有幾多人餓死呀？,你知不知道全世界每年有多少人餓死呀？
我瞓晏覺嗰陣發咗個怪夢。,我睡午覺的時候做了個怪夢。
我係左撓嘅。,我是左撇子。
我諗住下年去法國。,我想明年去法國。
聽日佢會喺月球降落。,明天他會在月球降落。
我等緊你幫我。,我等着你幫我。
佢係醫生嚟㗎。,他是醫生來的。
我冇讀過佢嘅小說，我阿哥都冇。,我沒有讀過他的小說，我哥哥也沒有。
原來阿Tom喺賊嚟嘅。,原來Tom是賊來的。
你隻襪穿咗一個窿呀。,你的襪子破了一個洞呀。
可唔可以麻煩你閂咗個窗佢呀？,可以麻煩你把窗關了嗎？
珠穆朗瑪峰嘅海拔有幾高？,珠穆朗瑪峯的海拔有多高？
有圖有真相。,有圖有真相。
我夏天冇冷氣會死。,我夏天沒有空調會死。
斯堪的納維亞而家已經唔興戴維京人嗰隻有角嘅頭盔㗎喇。,斯堪的納維亞現在已經不流行戴維京人那種有角的頭盔了。
你唔好嬲我啦，我咁做都係為咗你㗎咋。,你不要生我氣啦，我這麼做也是爲了你的。
我返嚟喇！咦？有人嚟探我哋呀？,我回來了！啊？有人來看我們嗎？
「下次喇。」佢講。,下次。他說道。
你搭的士去同行路去都無咩分別。,你乘出租車去和走路去也沒有甚麼分別。
我買咗部最高質素嘅電腦。,我買了一臺最高貭素的電腦。
你愛食飯冇?,你想喫東西嗎？
你愛食飯冇?,你要喫飯沒有？
三嘅三次方係廿七。,三的立方是二十七。
你估我唔想咩。,你以爲我不想嗎？
說話唔係咁講呀。,話可不能這麼說呀。
阿爸阿媽日日都去晨運。,爸爸媽媽每天都去晨練。
你唔好咁出爾反爾嘛！頭先話要去，而家話唔要喇，你到底去唔去呀？,你別這麼出爾反爾嘛﹗剛纔說要去﹐現在說不要了，你到底去不去啊﹖
阿Tom係我第一個男朋友。,湯姆是我第一個男朋友。
日本人每日食三餐。,日本人每天喫三餐。
我下個禮拜六得閒。,我下週六有空。
我想坐非吸煙區。,我想坐在無煙區。
十減二等如八。,十減二等於八。
我聽唔明同學講嘅粵語。,我聽不懂同學說的粵語。
迷你裙已經 out 咗啦。,迷你裙已經過時了。
呢個桶穿咗個窿。,這個桶有個洞。
我鍾意打網球。,我喜歡打網球。
英式英文嘅「to get the sack」啫係俾人炒魷魚噉解。,英式英語的「to get the sack」是被解僱的意思。
我搭火車去咗神戶。,我乘火車去了神戶。
係咪大家都做好晒功課喇？,大家都做了功課嗎？
太陽落緊山。,太陽下山了。
你最鍾意食咩甜品？,你最喜歡的甜點是什麼？
一九六零年代，美國興起民權運動。,一九六零年代，美國興起民權運動。
我哋一路飲茶一路傾，好冇呀？,我們邊喝茶邊談，好嗎？
我行唔慣遠路㗎喎。,我走不慣遠路。
呢個你可以自己keep返。,你可以把這個保留給自己。
與其話佢有智慧，不如話佢聰明。,與其說他有智慧，不如說他聰明。
呢個問題擺埋一邊先。,這個問題暫時放在一邊。
你想用呢支筆，我就借俾你啦。,你想用這支筆，我就借給你吧。
我哋喺間學校附近住。,我們住在學校附近。
佢保持住而家呢種速度溫書嘅話，考試合格絕對無問題。,他保持現在這種速度溫習的話，考試合格絕對沒問題。
佢個女朋友係日本人。,他的女朋友是日本人。
直率喺日本人嘅眼裏面並唔係一種美德。,直率在日本人的眼中並不是一種美德。
佢好有信心贏呢場比賽。,他很有信心贏這場比賽。
佢喺國際象棋比賽裏面攞咗冠軍。,他在國際象棋比賽中取得了冠軍。
我想學標準英文。,我想學標準的英語。
有時你需要一個人留住。唔係寂寞，但係享受只做自己嘅自由光。,有時候你需要一個人待著。不是寂寞，而是享受只做自己的自由時光。
佢起得比平時早。,他比平常早起了。
你個仔係唔係喺大學讀緊書？,你兒子在上大學嗎？
呢個故仔嘅女主角係一個細路女。,這個故事的女主角是一個小女孩。
唔好噪，我讀緊書。,不要吵，我在讀書。
同人哋握手嗰陣，一定要有眼神接觸。,和別人握手的時候，一定要有眼神接觸。
呢隻手錶有防震功能。,這手錶有防震功能。
佢篇英文作文無咩錯處。,他的英文作文沒有甚麼錯處。
千祈唔好自殺。,千萬不要自殺。
隻手污糟嗰陣千祈唔好捽眼。,手髒的時候千萬不要揉眼睛。
過咗三日我先知原來佢失咗蹤。,過了三天我才知道原來她失蹤了。
學生唔可以喺學校裏面食煙。,學生不得在校園範圍內吸煙。
我最唔鍾意數學。,我最不喜歡數學。
橫濱係日本第二大嘅城市。,橫濱是日本第二大的城市。
而家係朝頭早八點。,現在是早上八時。
你係咪真係鍾意我㗎？,你真的愛我嗎？
佢成日發奴騷。,他總是抱怨。
嗰度都唔係人住嘅。,那裏簡直不是人住的。
我要介紹阿Mary俾經理識。,我要向經理介紹一下Mary。
唔好咁擔心啦，如果唔係會甩頭髮㗎。,別太操心了，不然會掉頭髮的。
無論黑暗有幾遼闊，我哋都要提供自己嘅光。,不論黑暗如何遼闊，我們都必須提供自身的光明。
我對物理學一啲興趣都冇。,我對物理學完全沒有興趣。
在場嘅所有人都俾佢嘅演講感動咗。,他的演說感動了在場的每一個人。
啲人成日話唔好亂咁信啲謠言，但係講就容易做就難。,人們常說不要亂相信謠言，但說起來容易做起來難。
係人都知佢而家仲在生。,誰都知道他現在還在人世。
你哋今日晏晝得唔得閒呀？,你們今天下午有空嗎？
佢唔會爆出去嘅。,她不會泄露這個祕密。
你幾時去悉尼？,你什麼時候去悉尼？
我高過你三英寸。,我比你高三英寸。
佢係意大利歌劇迷。,她是意大利歌劇的粉絲。
中秋節要食月餅。,中秋節要喫月餅。
開始！,開始！
我哋呢度已經兩個禮拜冇落過雨喇。,這裏已經兩週沒下雨了。
我好憎佢頂帽。,我討厭她的帽子。
打我吖。,打我吧。
我睇咗佢本書。,我看了他的書。
佢覺得好好多喇。,她覺得好多了。
佢唔係詩人，係小說家。,他不是詩人，是小說家。
佢嘅要求如下。,他的要求如下。
有人話真理必勝。,有人說，真理必勝。
我住喺橫濱。,我住在橫濱。
你去嗰個超級市場，差唔多咩日用品都買到。,你去那個超級市場，幾乎甚麼日用品都買得到。
我已經有信封㗎喇。,我已經有信封了。
將呢啲物質撈埋一齊好危險㗎。,把這些物質混合起來是很危險的。
我聽日買畀你。,我明天給你買。
洗衣機係個好正嘅發明。,洗衣機是一個很棒的發明。
我喺度幫緊啲花淋水。,我正在給花澆水。
你最好唔好喺嗰啲地方度行嚟行去。,你最好別在那種地方走來走去。
佢喺道門前面行嚟行去，唔知入去好定唔入去好。,他在門前走來走去，不知道該不該進去。
你識唔識讀呢個漢字呀？,你會讀這個漢字嗎？
呢個只不過係個藉口。,這只不過是個藉口。
天花板穿咗個窿。,天花板上有洞。
個天花板上面有隻烏蠅。,天花板上面有隻蒼蠅。
佢哋擺明就係妒忌佢又有錢又有地位啦。,他們很明顯在嫉妒他的財富和地位。
個董事長喺公司有少少地位，就以為自己好巴閉。,那董事長在公司有點地位，就自以為很了不起。
悉尼噶空气比东京噶干净。,悉尼的空氣比東京的要乾淨。
我個銀行戶口冇錢淨。,我的銀行賬戶沒錢了。
我直程去佢度。,我直接到他那裏去。
我一食雪糕就會覺得好開心。,我一喫冰淇淋就高興。
我今日想出街，唔想留喺屋企。,我今天想外出，不想留在家中。
西班牙人最鍾意夜晚出街散吓步、唞吓涼。,西班牙人最愛在晚上外出散散步、乘乘涼。
問題係佢到底嚟定係唔嚟。,問題是她到底來還是不來。
我以前星期日成日同佢去打網球。,我以前星期天常常和他去打網球。
唔同國家有唔同習俗。,不同的國家有不同的習俗。
佢咩事都靠晒個老公。,她甚麼事也依賴老公。
你唔應該喺背後講人壞話。,你不應該在背後說別人的壞話。
呢本書我係買俾自己㗎，唔係買俾老婆㗎。,這本書我是買給自己的，不是買給老婆的。
佢哋講緊啲咩呀？,他們在說什麼？
佢哋講緊啲咩呀？,她們在說什麼？
佢哋講緊啲咩呀？,他們在說什麼？
呢朵花係黃色嘅，但係其他嗰啲全部都係藍色嘅。,這朵花是黃色的，但是其他全都是藍色的。
「哼，就算係噉呀，我個分咪仲係高過你多多聲！」「你講咩話？！如果我出盡晒力，你仲會係我對手咩？」,「哼，就算是這樣，我的分數還是比你高得多呀！」「你說甚麼？！如果我用盡全力，你還會是我的對手嗎？」
上個禮拜我細佬借咗十蚊俾我，我而家仲未還返俾佢。,上個星期弟弟借了十元給我，我現在還沒還給他。
我睇電視睇到厭喇。,我看電視看到厭煩了。
秘魯係南美洲嘅第三大國家，排喺巴西同埋阿根廷之後。,祕魯是排在巴西和阿根廷之後的南美第三大國家。
嗰座建築物會喺一年之內起完。,那座建築物會在一年內完工。
我覺得睇電視好嘥時間。,我覺得看電視很浪費時間。
我好耐冇見過佢喇。,我很久沒見過他了。
頂！瑞士啲火車乜都有嘅！,靠！瑞士的火車什麼都有！
同呢幅比起上嚟，嗰幅畫啲色靚好多。,和這幅比起上來，那幅畫的色彩鮮艷多了。
尋晚我冇刷牙就走咗去瞓覺。,昨天晚上，我沒刷牙就去睡覺了。
我支原子筆冇晒墨喇。,我的原珠筆沒墨了。
綠色好襯你。,綠色很適合你。
佢話佢係社會主義者，但係佢就有兩間屋同埋一架勞斯萊斯。,他雖然號稱自己是個社會主義者，但是其實他擁有兩套房子還有一輛勞斯萊斯。
我哋點先可以閘住戰爭呀？,我們怎樣才能停止戰爭？
嗰啲人做緊乜呀？,那些人在幹啥呀？
佢哋買咗架新車。,他們買了一輛新車。
你唔應該食太多雪糕同埋意大利粉。,你不該喫太多冰激淋和太多意大利麪。
佢唔喺廚房，亦都唔喺客廳。,她不在廚房裏，也不在客廳裏。
我除咗洋葱之外咩都食。,除了洋蔥我什麼都可以喫。
我聽日就死喇，所以後日唔得閒。,我明天要死了，所以後天沒空。
你隻錶準唔準㗎？,你的手錶準不準？
呢到唔俾影相。,這裏不準拍照。
我每朝早都會剃鬚。,我每天早上刮鬍子。
兩公婆應該得閒去浸溫泉，過吓二人世界。,兩夫婦應該閒時去浸溫泉，過過二人世界。
我哋嘅結論就係，個傳言係真嘅。,我們的結論就是，那個傳言是真的。
我同阿Tom都幾熟吓。,我和湯姆挺熟的。
你哋而家喺邊？,你們現在在哪兒呀？
媽咪買咗架新單車畀我。,媽媽給我買了一輛新的自行車。
所有動物一律平等，但係有啲動物比其他動物更平等。,所有的動物都是平等的，但是有的動物比別的動物更平等。
人生就好似踩單車咁，想保持平衡，就一定要不斷向前進。,人生就像騎單車一樣，要保持平衡就得不停地前進。
我聽日唔會喺呢度。,我明天不在這兒。
試身室喺邊㗎？,試衣間在哪裏？
我自願加入中國共產黨。,我自願加入中國共產黨。
你係個記者。,你是個記者。
聽講你有新女朋友喎。,聽說你有新女朋友了。
我高過你少少。,我比你高一點。
我唔鍾意你女朋友。,我不喜歡你的女朋友。
我唔鍾意你條女。,我不喜歡你的女朋友。
如果你喺到就好喇。,你要是在這兒就好了。
唔該畀塊被我。,請給我送一塊毯子。
佢又乜都想要，又唔肯付出。,一方面他想擁有所有，另一發面他又不願付出。
我阿叔住喺西班牙嘅首都馬德里。,我叔叔住在西班牙的首都馬德里。
我伯父住喺西班牙嘅首都馬德里。,我叔叔住在西班牙的首都馬德里。
我舅父住喺西班牙嘅首都馬德里。,我叔叔住在西班牙的首都馬德里。
我住喺米蘭。,我住在米蘭。
你識唔識騎馬㗎？,您會騎馬嗎？
啲噪音嘈醒咗我。,噪音把我吵醒了。
我睇住Tom入嚟。,我看到湯姆進來。
我有一隻牛。,我有一頭母牛。
無知就係敬畏。,無知即是敬畏。
佢做噉嘅事好蠢啊。,他那樣做很不明智。
佢基本上係時間嘅問題。,它本質上是一個時間的問題。
已經落咗兩日雨，我以為今日會好天啦，點知由朝到晚又落咗一日。,已經下了兩天雨了，我想今天大概要晴了，哪知道從早晨到晚上又下了一整天。
佢左右不分。,他不會分辨左右。
你係咪新同學啊？,你是新生嗎？
你係咪新學生嚟㗎？,你是新生嗎？
你係咪新嚟㗎？,你是新生嗎？
好似越嚟越難揾到好工嚕。,好工作似乎愈來愈難找了。
我使唔使即刻做㗎？,我必須立刻做嗎？
雖然結婚好正，但係唔使驚，係你嘅就係你嘅。,"結婚雖然是很美好的事,但是不要著急,該是你的就是你的。"
舊年夏天，我哋去咗北海道。,去年夏天我們去了北海道。
我自己學緊呢隻語言。,我是自學這門語言的。
聽講首相下個月就會辭職。,據傳總統下個月要辭職了。
聽講首相下個月就會落台。,據傳總統下個月要辭職了。
聽講總理下個月就會辭職。,據傳總統下個月要辭職了。
大熱天時，佢好憎打呔。,在炎熱的夏季他十分討厭打領帶。
Tom同Mary微笑緊。,湯姆和瑪麗正微笑着。
我信嗰個故事。,我相信那個故事。
諗下聽日。,請思考一下明天。
你識唔識騎馬㗎？,你會騎馬嗎？
狗糧好貴。,狗糧很貴。
你唔明。,你不懂。
佢去咗倫敦。,他去了倫敦。
我好想知道佢個名。,我很想知道她的名字
嗰條問題第一眼望落好似好易。,第一眼看起來，那個問題似乎很容易。
大學生應該為公義發聲。,本科生應該爲公義發一聲。
“我唔詐諦知咩係愛為大家，但係我可以講畀你知，我啱嚟講係乜野，愛係了解有人，重係期望同佢哋比其他任何人嘅，愛係佢哋夠嘅信任啱自己嘅冚唪唥，包括你可能會感到羞愧嘅事話畀知佢哋，愛係感覺同人嘅舒適埋安全，但係定係越來越弱嘅膝頭哥，佢哋行進一個房間，你嘅微笑行。“,“我不假裝知道什麼是愛每個人，但我可以告訴你，對我來說是什麼，是瞭解別人的愛，仍然希望與他們比其他任何人，愛他們足夠的信任對自己的一切，包括你可能會感到羞愧的事情告訴他們，愛的感覺與人的舒適和安全，但還是越來越弱的膝蓋，當他們走進一個房間，你的微笑走。“
我想用信用卡俾錢。,我想用信用卡支付。
我想用信用卡俾錢。,我想用信用卡付款。
我哋諗住晏晝去街。,我們想下午到街上去逛。
佢話嚟我度。,他說要到我這裡來。
呢間舖頭九點閂門。,這家店九點關門。
我做呢份工作唔係為錢而係為自己開心。,我做這份工作不是為錢而是為自己開心。
佢哋係我朋友。,他們是我朋友。
"人家點樣講,你就點樣做。",照你說的去做。
你講乜嘢呀？,你說什麼？
呢度行路去越秀公園要幾耐吖？,從這裡走路去越秀公園要多久？
你哋想食咩呀？,你們想喫什麼？
我唔記得咗我想講咩添。,我忘了我要說什麼了。
我發夢見到嘅係一個冇戰爭嘅、和平嘅世界。,我夢見的是一個沒有戰爭的、和平的世界。
月亮本身唔識發光㗎。,月亮不會自己發光。
因為佢尋日著咗好少衫，所以佢今日唔舒服。,因爲他昨天穿了很少衣服，所以他今天不舒服。
「點解今日你哋冇去爬山呀？」 「因為今日落雨，所以我哋冇去爬山。」,「為什麼你們今天沒有去爬山？」 「因為今天下雨，所以我們沒有去爬山。？」
如果聽日落雨嘅話，我哋就唔去爬山喇。,如果明天下雨的話，我們就不去爬山了。
如果冇新冠嘅話，我就去咗環遊世界喇！,如果沒有冠狀病毒的話，我就去環遊世界了！
我家姐为咗減肥日日做運動。,我姐姐為了減肥每天都鍛煉。
佢沊一聲跌咗落水。,他撲通一聲掉進了水裏。
我嘅廣東話好過我嘅普通話。,我的廣東話比我的普通話好。
老師叫我企起身。,老師叫我站起來。
唔好唔記得還返本書俾圖書館喎。,別忘了把書還給圖書館。
唔好一路食嘢一路講嘢！,別邊喫東西邊說話！
我一定要喺聽日之前還返本書俾佢。,我一定要在明天前把書還給他。
如果你下個禮拜還到俾我嘅話，呢本書就借俾你啦。,如果你可以在下個星期還給我的話，這本書就借給你吧。
嗰座大厦天台啲景好靚㗎，想唔想去睇吓呀？,那座大廈天台的景色很美的，想去看看嗎？
我唔想整污糟我隻手。,我不想弄髒我的手。
俾我睇吓你個傷口。,讓我看看你的傷口。
湯姆係呢隊棒球隊嘅隊長。,湯姆是這隊棒球隊的隊長。
坐我隔離。,坐我旁邊。
點解我越來越肥嘅？,為什麼我越來越胖的？
媽咪呀，你做咩唔叫爹哋自己執返自己間書房嘅？,媽媽呀，你怎麼不叫爸爸自己撿回自己間書房的？
老實講，我其實想留喺屋企，唔想出街㗎。,老實說，我其實想留在家中，不想出外的。
你願唔願意學卡達山文呀？,你願意學習卡達山語嗎？
你願意學卡達山文冇？,你願意學習卡達山語嗎？
雖然係真空，但係唔係話乜嘢都冇。,雖然是真空，但不是說什麼我都沒有。
你講得太快喇，我聽唔明。你可唔可以講慢少少呀？,你說得太快了，我聽不懂。你可以說慢一點嗎？
可以話係，亦都可以話唔係。,可以說是，也可以說不是。
阿Tom静静咁坐咗半個鐘。,湯姆靜靜地坐了半個小時。
你幾時返馬来西亞？,你什麼時候回馬來西亞？
我下個禮拜返馬来西亞。,我下週要回馬來西亞。
點解你唔返學？,你為什麼不去上學？
點解你學廣東話？,你為什麼學廣東話？
佢識講卡達山語，都識講廣東話。,她會說卡達山語，也會說廣東話。
佢係個好人。,他是個好人。
哩舊電就快用哂喇。,這電池快要沒電了。
呢間酒店裝得落一千人。,這家酒店可以容納一千人。
唔好同佢講。,不要跟他說。
佢個老公係英文老師，所以佢有得上免費英文堂。,她的老公是英文老師，所以她能免費上英文課。
呢件外套無衫袋㗎。,這件外套沒有口袋。
快啲啦，你仲慢吞吞噉我哋就遲到㗎喇。,快點快點，你還慢吞吞的話我們就要遲到了。
睇書可以學識好多生字。,讀書可以學會很多生字。
我返到屋企嗰陣好鬼肚餓。,我回到家的時候肚子十分餓。
我哋成日都攞英國同日本嚟比。,我們常常把英國和日本作比較。
你可以用肉眼睇星星，用望遠鏡嘅話，仲可以睇得清楚啲添。,你可以用肉眼觀星，用望遠鏡的話，還能看得更清楚。
生嘅魚好易變壞。,生魚很容易變壞。
呢度夜晚好靜。,這裏晚上很靜。
無論喺咩地方，過馬路之前都應該望清楚左右先。,無論在甚麼地方，過馬路前也應該先看清楚左右。
牛唔飲水唔㩒得牛頭低。,牛不喝水彆強摁頭。
玛丽亚系度教紧我挪威语。,瑪麗亞在教我挪威語。
你最好即刻返屋企。,你最好馬上回家。
我諗唔起「多謝」用德文點講。,我想不起「謝謝」用德語怎麼說。
我記得喺巴黎見過佢。,我記得在巴黎見過他。
唔。我有預感我行邊邊都會蕩失路。,唔。我有預感我走哪邊都會迷路。
我識佢。,我認識他。
我哋喺度睇緊電視。,我們正在看電視。
架巴士仲未嚟。,巴士還沒來。
